"","baseMean","log2FoldChange","lfcSE","stat","pvalue","padj"
"AT5G59320",4333.52215919756,9.18194162943681,0.338451181735855,27.12929404573,4.44476848682368e-162,9.61625662124303e-158
"AT5G09530",2733.83591835028,7.34684576057393,0.280827152449969,26.1614509013078,7.30134284062838e-151,7.89822761784975e-147
"AT5G52300",39211.6046551025,5.89058693699276,0.237318369777871,24.8214537395749,5.26022344121936e-136,3.79349780502603e-132
"AT2G19900",1953.93500034984,5.1552270726562,0.240636492610459,21.4232970931863,8.10444660640682e-102,4.38349255824029e-98
"AT1G52690",26216.3087454225,5.02065081348195,0.237263427576488,21.1606603881814,2.20118107334943e-99,9.524510504383e-96
"AT1G04560",2132.12623469402,4.94269258232243,0.244236845901198,20.2372928789046,4.5973796711059e-91,1.65773848640627e-87
"AT2G46680",2409.66472928759,4.34097468973452,0.221038055995086,19.6390375865006,7.17449614026185e-86,2.21743177135093e-82
"AT2G42560",1904.07408924984,4.91420641503142,0.25098314926405,19.5798260936688,2.29803684691553e-85,6.2147533978772e-82
"AT5G66400",24447.7449526333,5.1384183072873,0.262639103671129,19.5645592581732,3.10072720438822e-85,7.45380367410434e-82
"AT3G02480",13682.1906839425,5.56691323274257,0.285048076654566,19.5297344156045,6.13576861497401e-85,1.32747353984963e-81
"AT1G43160",1108.75228186594,5.46124043581214,0.282447218479966,19.335437131237,2.70367012435213e-83,5.31762755821439e-80
"AT3G57020",1077.96784139836,4.61274310399931,0.248319310925012,18.5758533511406,5.03975309139752e-77,9.08625484436545e-74
"AT1G29090",1297.65107185009,-6.15368834645148,0.332928386134003,-18.483519587827,2.80286497324234e-76,4.66461413046908e-73
"AT5G53870",865.044431822849,6.7472571074058,0.366826492897832,18.3935927149216,1.47849923594255e-75,2.28480935497265e-72
"AT5G06760",6694.82148370384,4.88012710861918,0.26808445516338,18.2036929580459,4.82430696812986e-74,6.95825875036597e-71
"AT4G33550",1546.19038127377,4.72817603131153,0.259941601477846,18.1893779388541,6.26471347350261e-74,8.47106724995181e-71
"AT2G47770",6376.37253524436,4.95268526112317,0.274598833735824,18.036075367632,1.01501486656855e-72,1.29175568460062e-69
"AT5G43840",741.065794668647,6.16737970643146,0.342852673802648,17.9884252849126,2.40083800058638e-72,2.8856738968159e-69
"AT5G17460",2127.84628062392,3.90513476900255,0.21766533591179,17.9410044904216,5.64258588199492e-72,6.42512345036633e-69
"AT2G37870",871.180244980707,6.51129100382426,0.364584959278249,17.8594613906025,2.43982244179564e-71,2.63927792641243e-68
"AT5G07330",1394.52696407709,5.18515257230228,0.295524935133352,17.5455670769796,6.4307701565782e-69,6.62522439702711e-66
"AT5G13580",660.572727872056,7.1180469445409,0.40619597550376,17.5236766826977,9.45150994585072e-69,9.29470080356729e-66
"AT3G17520",8504.88250968205,5.12691608933163,0.29276802919495,17.5118714411186,1.1630670816839e-68,1.09404157879266e-65
"AT2G29380",664.65015773298,7.28514540603094,0.423480559373475,17.2030220627107,2.5203675193967e-66,2.27200630342281e-63
"AT1G77120",1181.77927179962,4.22422886817307,0.248402557376399,17.0055772081774,7.46661459497644e-65,6.46160827049261e-62
"AT5G25610",12930.6705013096,3.58083810199995,0.211005752045684,16.9703340657021,1.36155306289972e-64,1.13296925060906e-61
"AT5G59220",1999.14527651408,4.74830313130452,0.284963231517222,16.6628624543007,2.44058951181506e-62,1.95563533659699e-59
"AT5G11110",1789.79915554149,3.69164196983581,0.221693422057225,16.6520140091613,2.92587497755469e-62,2.26076089783556e-59
"AT1G54870",1519.48232942443,3.87394864897624,0.234214880289637,16.5401474243891,1.8856033280339e-61,1.4067251035177e-58
"AT1G49450",939.87486857512,4.95875552983325,0.300250533103064,16.5153929239856,2.8430332071893e-61,2.05030078125135e-58
"AT2G41850",630.698808187893,-6.47730752996107,0.393907757447119,-16.4437165998962,9.30343214353987e-61,6.49289530404791e-58
"AT3G27250",959.201902505515,3.94374136084704,0.240924420446144,16.3692055522807,3.17329134830306e-60,2.14544244751677e-57
"AT4G33610",610.396238204899,7.55266701289656,0.463359446611387,16.2998015215408,9.90131300303391e-60,6.49136081274663e-57
"AT1G27461",483.724979570518,5.1265069477976,0.31554267923292,16.246635669888,2.35962962040111e-59,1.50148784815818e-56
"AT2G21490",868.857797976051,4.27523003885967,0.263179994489204,16.2445099490077,2.44285660793199e-59,1.51003436321739e-56
"AT3G50970",7653.15302435331,4.55415935983452,0.282885225807791,16.0989650372511,2.5940739026325e-58,1.55896635787373e-55
"AT5G66780",2273.48843323552,4.83068684162363,0.30386591514756,15.8974290988768,6.6018977496315e-57,3.86032588684534e-54
"AT3G03341",1124.86188258631,4.57449155837264,0.289259156180044,15.8145091024373,2.47128372796401e-56,1.40700588038161e-53
"AT4G02280",3029.46362862992,3.75885391704793,0.238083857243134,15.787941108537,3.76675081842172e-56,2.08958087068087e-53
"AT3G53040",1485.40862564648,4.21054062931999,0.267333892108807,15.7501190593756,6.85521308821535e-56,3.70781337908848e-53
"AT1G55990",622.216563729444,7.82074028304707,0.497578812004931,15.7175910516253,1.14598700545894e-55,6.04717777148882e-53
"AT3G56275",403.633511888165,5.13367554308015,0.33255612010581,15.437020198115,9.2265538288712e-54,4.75277362113401e-51
"AT1G05340",2708.62331637423,3.37497472841907,0.221612095315043,15.2291991266145,2.26347156921364e-52,1.13884203255668e-49
"AT1G26250",351.989552783096,-5.67729007109869,0.376941326870102,-15.0614688981958,2.90265334792628e-51,1.42724784505421e-48
"AT4G02360",398.967811189914,5.36151388444603,0.357526092799249,14.9961471132585,7.78067125090206e-51,3.74077383362813e-48
"AT1G73190",1252.20172643556,3.54693630275442,0.239239957131322,14.8258524423973,9.97060916916916e-50,4.68943759510815e-47
"AT5G09520",407.416454200534,6.86026539104229,0.463835834356479,14.7902876037169,1.69229146964337e-49,7.78994169058175e-47
"AT3G22830",461.415522047525,4.27951286528762,0.289841165371382,14.7650278034321,2.46220726101625e-49,1.10978862691847e-46
"AT1G07430",472.730003229673,4.83503221014547,0.332911345678245,14.5234828218155,8.60259302855167e-48,3.79830816679011e-45
"AT5G15960",7821.97196466956,4.69688261933115,0.324296279377611,14.4833071423003,1.54481889738708e-47,6.68443136899391e-45
"AT3G11410",3021.69028018,3.55063520202329,0.246112556640351,14.4268754528112,3.50608258545817e-47,1.48733523012524e-44
"AT3G57010",2838.0084392112,3.81942983957012,0.265194654840034,14.4023635841152,5.00037596256052e-47,2.08044488365379e-44
"AT5G01670",1599.39953438527,3.12858699619517,0.218066243357891,14.3469569063953,1.11315487541946e-46,4.54398221315095e-44
"AT5G50360",531.092650056616,4.2237845505156,0.295902862240528,14.2742267463512,3.16782000499112e-46,1.26918121866635e-43
"AT5G40420",1841.041318656,4.31158747971213,0.304431060301649,14.1627712870032,1.55729603556747e-45,6.12583631445497e-43
"AT5G01300",622.84274112393,4.17031532004394,0.297779939521079,14.0046885856417,1.45917931285331e-44,5.6373829345681e-42
"AT4G36600",1508.89420430145,4.66465709014071,0.337561204797627,13.8187002056034,1.96587463747829e-43,7.46170136523557e-41
"AT5G37300",723.371993553658,3.74070607438619,0.271329546140357,13.7865784526509,3.06977917968816e-43,1.14508056125092e-40
"AT5G20830",925.511594185875,3.38957525471203,0.247330444144645,13.7046422507119,9.5235546048728e-43,3.49223904875293e-40
"AT3G03240",404.788152038718,3.88996376640594,0.285016542803329,13.6482034626676,2.06916994966881e-42,7.46108197684744e-40
"AT3G50980",547.089152005001,4.08311010712178,0.300430555460264,13.5908616247984,4.53707538166911e-42,1.60917419479363e-39
"AT1G14730",1106.97721400445,3.31216000648072,0.247759010524961,13.3684744682455,9.24168382137142e-41,3.2249004754092e-38
"AT3G58450",417.778992102812,3.93058969570028,0.29411648714604,13.3640576692615,9.80690819503538e-41,3.3678168063427e-38
"AT1G02700",341.585482762099,4.08957867563465,0.306158904645034,13.3576995919037,1.06814355548008e-40,3.61082590981429e-38
"AT3G15670",6172.69419138073,4.39705864294318,0.329498736032125,13.3446904710265,1.27197803630492e-40,4.23372997160878e-38
"AT1G27990",307.459359882193,4.93392726230195,0.37319912808801,13.2206291252063,6.67036787337994e-40,2.18656680212992e-37
"AT1G54860",288.287016326006,4.32384408476245,0.32759448547471,13.1987694435602,8.91799556137963e-40,2.87971393985744e-37
"AT3G15280",254.810163673096,5.50676459853207,0.417859791860175,13.1784984001877,1.16690309163292e-39,3.7126394687468e-37
"AT1G56600",440.824724964599,3.53015031753575,0.269093727282104,13.1186644638317,2.57431664670879e-39,8.07178850022385e-37
"AT1G72100",681.102993288947,3.92609616812101,0.300978317144043,13.0444485349489,6.83497544833882e-39,2.11249562606872e-36
"AT2G21820",468.588002621176,3.59011746863972,0.276138413300154,13.0011519430923,1.20514179392024e-38,3.67228770584007e-36
"AT1G15330",1253.88423178865,2.84404977392091,0.219076865041255,12.9819722104629,1.54841409664169e-38,4.65276930289485e-36
"AT3G62990",236.460480469553,5.46773388895148,0.422987698014396,12.9264607803449,3.19176457385996e-38,9.45942829526851e-36
"AT1G51140",1389.27377460132,2.91856597906668,0.226466900643585,12.8873842966568,5.30114762136454e-38,1.54986930794894e-35
"AT4G10250",356.457007055839,3.66285025883333,0.285086455828917,12.8482086186214,8.80250858427421e-38,2.5392303096103e-35
"AT4G27410",2390.41032111965,2.89531194418345,0.225525151305335,12.8380889112609,1.00320435372072e-37,2.85583239378259e-35
"AT2G39800",5032.21513428227,2.81149101170776,0.219786327975988,12.7919285862718,1.8190304983825e-37,5.11100322500069e-35
"AT5G13170",219.244895461161,4.98550755796251,0.390440451556924,12.7689319538543,2.44486156023742e-37,6.7813563917611e-35
"AT5G62480",752.600024956636,3.50316422320514,0.274577267659448,12.7583913011693,2.79922282547063e-37,7.66597288975405e-35
"AT5G41040",1281.08848451199,3.31406516142442,0.261082462614447,12.693557155229,6.42022440286388e-37,1.7362694369495e-34
"AT2G34610",225.924583925802,5.14450246921127,0.406127701559837,12.6672040578677,8.98605159597076e-37,2.40016328739293e-34
"AT4G31830",246.933498673125,6.34926827493297,0.502617444723208,12.6324072942385,1.39930849178875e-36,3.69195600242069e-34
"AT5G52310",22730.7364173782,2.96454678528529,0.23528198490122,12.599973544638,2.11215343728167e-36,5.50559513440831e-34
"AT1G30760",266.266955648874,-4.31235831674149,0.343201310142492,-12.5650986441487,3.28465112357813e-36,8.45993179269201e-34
"AT5G45310",611.346657851592,3.40014136417295,0.270870264409658,12.5526564223774,3.84394549739069e-36,9.78397186306442e-34
"AT2G23110",357.945317516381,3.48502982183148,0.27849951305049,12.5135939508794,6.29120371362864e-36,1.58267665516693e-33
"AT3G12500",515.295661711173,4.02713264387841,0.323470231734324,12.4497782138605,1.40234307439914e-35,3.48732096719833e-33
"AT3G53980",660.862646362574,3.33867616905011,0.269690374372447,12.379663815659,3.36750405733166e-35,8.279085259133e-33
"AT2G36640",702.858032176951,3.69195029708207,0.299028260139341,12.3464929213102,5.08815480515316e-35,1.23687897988189e-32
"AT3G02620",280.517799671427,-4.3054165583961,0.349588735635064,-12.3156615746639,7.46008949636319e-35,1.79332262504242e-32
"AT5G59310",3504.26372291328,12.7815011303937,1.04386399112335,12.244412336361,1.79975965929292e-34,4.27887914602224e-32
"AT5G22470",478.162056976922,3.62193821487331,0.296162769343114,12.2295527655509,2.16125280652499e-34,5.0824678770835e-32
"AT5G23220",964.096167014076,3.22904609540809,0.264447056695216,12.2105578929913,2.73010671514894e-34,6.35116761099433e-32
"AT4G38080",267.15690835275,3.75627164512743,0.30860135081252,12.1719222396062,4.38629575985655e-34,1.00954796557975e-31
"AT2G48130",305.418867911618,3.76892712538471,0.310955857790229,12.1204570712002,8.22988746917707e-34,1.87424858311206e-31
"AT4G37050",232.199425268264,4.33835763243151,0.359494082068738,12.0679528504783,1.55966008803171e-33,3.51492145880896e-31
"AT1G16850",1585.6619655041,2.69143707040821,0.223756824747112,12.0284021434879,2.51990401815304e-33,5.62042509615888e-31
"AT2G15970",28333.84904835,2.51262836761227,0.20924861913557,12.0078611653077,3.23093404016362e-33,7.13278142438162e-31
"AT1G27020",321.150683308494,-3.44586597338385,0.287060026213916,-12.0039910078459,3.38567780884331e-33,7.39890296912373e-31
"AT4G09600",231.51880387306,4.50973347212862,0.377332226477195,11.9516255323111,6.36676001125407e-33,1.37744852843482e-30
"AT1G64110",5080.91796130297,2.6813665625508,0.224445701761556,11.9466157805927,6.76232262999279e-33,1.44854307029598e-30
"AT1G05510",361.184426043803,3.81381748697789,0.3194975434402,11.9369227253283,7.59826045881898e-33,1.61165063751518e-30
"AT5G42290",183.830925691888,5.02657851986707,0.422418010128573,11.8995364765274,1.19006311989658e-32,2.49971025232645e-30
"AT4G21020",933.116047708945,3.65028752106312,0.307062823187359,11.8877547049577,1.37041227106172e-32,2.85085283504041e-30
"AT1G69260",1592.55896677649,2.86814644601929,0.2416108684691,11.8709330593963,1.67587997212051e-32,3.45311078065021e-30
"AT1G03790",1966.58734945862,2.74807464496716,0.233222740013679,11.783047591354,4.77353576357489e-32,9.74296662688139e-30
"AT5G01520",1854.55041166734,2.73718897322331,0.237040353503637,11.5473544177841,7.6127865145909e-31,1.53927697423527e-28
"AT1G62570",5158.57502149592,2.58274022350446,0.223735729185013,11.5437093257855,7.94247501653315e-31,1.59106895354347e-28
"AT1G45015",205.618553884267,-4.11131975890644,0.356862827876193,-11.5207285201831,1.03730227704552e-30,2.05890227191559e-28
"AT5G63350",1122.53135288806,3.39584199473616,0.29487854141162,11.5160702385458,1.09491624216211e-30,2.15350117265248e-28
"AT5G64100",2604.22530349659,-2.97545875697839,0.25960725811881,-11.4613850881498,2.06190649586446e-30,4.018860093516e-28
"AT3G11050",326.845890505601,3.82681232555742,0.336352404263501,11.3773895386205,5.41978196501751e-30,1.04693734654602e-27
"AT2G41190",9564.18995873581,3.0460567014375,0.268053033889452,11.3636344914258,6.34488641967728e-30,1.21479307690016e-27
"AT3G11430",219.399602461303,6.96680491627593,0.614868852467056,11.3305542935259,9.26167587052692e-30,1.75768734613026e-27
"AT3G17790",762.676214505368,2.94886967899446,0.264479116401941,11.1497259939152,7.18272077371877e-29,1.35128838208179e-26
"AT1G02205",3904.20482876608,2.31271377338763,0.207745949301793,11.1324133209834,8.72410434651261e-29,1.61321365416069e-26
"AT5G28510",612.713124922505,9.68062818476019,0.869556730802053,11.1328310642033,8.68330563685265e-29,1.61321365416069e-26
"AT1G05570",2162.01824526384,-2.39236985140626,0.214990462203762,-11.1277952839547,9.18799291478589e-29,1.68459514162197e-26
"AT3G48520",937.880013921872,3.21802757775802,0.292392519768945,11.0058478250435,3.58131293508634e-28,6.51106767652042e-26
"AT3G55090",181.191285995468,3.92697560156198,0.357419799660832,10.9870119262795,4.41294734958814e-28,7.95617632569495e-26
"AT5G57050",1367.02558071424,2.58637189853074,0.235555914604887,10.9798639650761,4.77642526712903e-28,8.54032732680468e-26
"AT2G36120",1633.06335028994,-2.30839215183509,0.210558544035301,-10.9631844312529,5.74418656484634e-28,1.01865144533156e-25
"AT2G35300",1608.54767307231,3.13702325188652,0.287721452401862,10.9029869886275,1.11534583845112e-27,1.96182985486911e-25
"AT1G80090",184.492396862877,4.72075708706222,0.433202870907476,10.8973356459369,1.18681726360866e-27,2.07070899178818e-25
"AT4G36610",164.837473233014,6.1849791879779,0.569113221557327,10.8677481978951,1.64203530551903e-27,2.84203470679234e-25
"AT1G22500",344.338094443252,-3.04237320181677,0.28064210615929,-10.840758157972,2.20634941675362e-27,3.78844203424321e-25
"AT4G33467",720.585994968713,2.82755933267478,0.261077946610865,10.8303262277807,2.47272784196284e-27,4.21239896542252e-25
"AT1G48130",1470.17871540476,2.93227358560518,0.27244637597273,10.7627549646639,5.16039635574656e-27,8.72227930910757e-25
"AT2G33380",1254.51955863618,2.35039747247305,0.218897272692557,10.737445211454,6.78972919267456e-27,1.1387270626629e-24
"AT4G17550",1068.83831558335,2.38807751421398,0.225139191918948,10.6071159528444,2.76141400704879e-26,4.59563015711543e-24
"AT5G43350",256.86220779559,-3.56337069396577,0.33666332424468,-10.5843744695397,3.52124803713898e-26,5.81543521248106e-24
"AT4G33120",692.051347444611,-2.82894632924572,0.268089075113945,-10.5522626315278,4.9588308413946e-26,8.12759888284637e-24
"AT5G46960",175.734774015379,-6.44114666571661,0.612484589392506,-10.5164224166118,7.25772632058902e-26,1.18060833793942e-23
"AT1G62710",756.583692549839,2.45387001270057,0.233726080964673,10.4989139533447,8.73796285067793e-26,1.41078974831655e-23
"AT3G23510",572.836668740909,-2.68789647893035,0.257446384697172,-10.4406068164137,1.61773267627976e-25,2.59256640380093e-23
"AT3G54940",815.914755026838,3.17934456354607,0.305413533117131,10.4099662221803,2.23300871580994e-25,3.55228996812853e-23
"AT2G38380",1539.24605471901,2.99495124406942,0.288954091433711,10.3647995749404,3.58509245711686e-25,5.66156754085572e-23
"AT1G65970",1056.46384684399,-2.88148783975997,0.278226601685504,-10.356622344175,3.90509214007032e-25,6.12222235147981e-23
"AT1G04220",2034.72074175345,2.47091735854025,0.238826400506085,10.3460813097055,4.35966614682883e-25,6.78571058177279e-23
"AT2G38310",954.042466675106,-2.38591866670091,0.231395363705088,-10.3110046307658,6.28409405289027e-25,9.71116963102006e-23
"AT3G51750",131.212667749206,5.69222070779005,0.55570831108413,10.2431808095242,1.26991300275578e-24,1.9485509088384e-22
"AT3G61890",1304.07924928613,2.52633916937761,0.246662426857663,10.2420915968505,1.28429407533754e-24,1.9567395999949e-22
"AT4G19230",1726.57990899359,2.50093615377032,0.244556805195924,10.2264018037312,1.51026861256297e-24,2.28494135893705e-22
"AT1G31750",244.532895861791,3.09387297996966,0.303440914182491,10.1959651298341,2.06681359665092e-24,3.10524390024602e-22
"AT4G07820",323.033648885884,-3.22380199595747,0.317535743144567,-10.1525641303623,3.22769551801959e-24,4.81594431257612e-22
"AT2G46740",467.27702589645,-2.58426695003045,0.254885798273741,-10.1389209109839,3.71176978386462e-24,5.50028351191172e-22
"AT5G64120",1028.9657052396,-3.17963655131888,0.315823707600054,-10.067757659743,7.67069432790228e-24,1.12894878764739e-21
"AT1G67360",1152.00190527419,2.70863162165842,0.269814057172299,10.0388825180029,1.02832480406065e-23,1.50323021188191e-21
"AT4G16160",282.035999679026,3.39749466973607,0.338940967706384,10.0238536897057,1.19740961598834e-23,1.73865483502737e-21
"AT3G48510",160.506114512441,4.11863575429634,0.412808215758666,9.97711672653374,1.91963920122162e-23,2.76875960789531e-21
"AT2G29090",149.515346179349,4.3524697250748,0.437901177955932,9.93938802674976,2.80545303877475e-23,4.01960109231071e-21
"AT5G03210",285.164442369357,3.01140605801726,0.306092292201586,9.83822897452775,7.70552806130137e-23,1.09677039214641e-20
"AT4G24130",205.576306613214,3.20219341496774,0.326705505355243,9.80146756782023,1.10961602340675e-22,1.56905507623563e-20
"AT3G17110",375.81310707135,2.67502522064257,0.273621950463949,9.77635462398703,1.42241610241253e-22,1.99830989452565e-20
"AT2G28490",857.359944835744,2.86815315393597,0.293636575851786,9.76769718014858,1.54933523939737e-22,2.16257212286208e-20
"AT3G57540",161.893302075175,3.71083210174604,0.380359084689254,9.75612848784123,1.73658397799976e-22,2.39510947861688e-20
"AT5G45690",208.445272404264,3.9091686796681,0.400692091844817,9.7560415072581,1.7380734372214e-22,2.39510947861688e-20
"AT5G44310",702.951872014301,3.53770303514653,0.363426191423058,9.73430952043945,2.15274692318568e-22,2.94776453690647e-20
"AT4G15910",1240.8847504646,2.16701296150492,0.22283302923377,9.72482835671343,2.36303590500601e-22,3.21536363552233e-20
"AT3G50400",188.551184793298,7.56029246458193,0.777692616731066,9.72144045337691,2.44300700693418e-22,3.30340353718881e-20
"AT5G24080",110.515592510018,4.83986108649397,0.49825117302256,9.71369732485273,2.63597943887753e-22,3.54219969938605e-20
"AT5G23840",184.364305622465,-3.94466437290941,0.406442023418874,-9.70535561192229,2.86076965080777e-22,3.82054020958186e-20
"AT2G36270",732.876993733509,2.23408913912538,0.230631101154879,9.68685111391412,3.42938887806915e-22,4.55182996178074e-20
"AT4G36700",227.621597153126,3.95686163120138,0.409091841528054,9.67230638582664,3.95365730512053e-22,5.2156936461148e-20
"AT1G69480",172.892843901409,3.45284779261779,0.359311295598243,9.60962773761089,7.28117482711264e-22,9.54716468997467e-20
"AT1G12010",656.598594470401,-2.34318414399547,0.244271340347139,-9.59254630799311,8.59374810161671e-22,1.12003457938842e-19
"AT1G32560",890.501878104628,2.61931337889217,0.275680160800924,9.50127630251803,2.07333336106478e-21,2.68602199201417e-19
"AT1G47980",391.953932920457,2.83599304702983,0.300753455682484,9.42962746876593,4.11548016750545e-21,5.29990556095121e-19
"AT3G03620",209.054196444001,3.96692806021823,0.423350096383129,9.37032516139594,7.23094158225514e-21,9.25688882438402e-19
"AT3G14260",107.441647285662,-4.35715517054844,0.468626385524349,-9.29771627278988,1.43494556291264e-20,1.82617925021264e-18
"AT4G35190",351.736641371638,2.50127197841357,0.269194081112069,9.29170495904129,1.51836319277803e-20,1.9210402149563e-18
"AT4G35300",2219.4158206887,2.09818523280697,0.226301969858338,9.27161718530513,1.83344645706702e-20,2.30619849410727e-18
"AT2G23240",143.49272225596,3.77721194732117,0.407948260559558,9.25904658139785,2.06265739227234e-20,2.57951402785041e-18
"AT3G22600",2471.21746406215,2.33288245536169,0.252824817340356,9.22726842998617,2.77621222321159e-20,3.45191674995303e-18
"AT5G39720",105.64596392188,5.7013791420442,0.619232737304249,9.20716686728228,3.34845914467343e-20,4.13965220542913e-18
"AT3G51860",863.021569218525,2.13026752002661,0.232454791867418,9.16422287066305,4.99052477116297e-20,6.13465928546085e-18
"AT4G21650",233.614636002199,4.02014892979936,0.43891445737509,9.15929940845807,5.22353274342047e-20,6.38480965558767e-18
"AT2G22122",241.479298152076,-2.9901976507087,0.327692800509185,-9.12500258187663,7.17345488369883e-20,8.71897170836091e-18
"AT5G23830",234.972344185587,-3.05500104910115,0.335580004089596,-9.10364447187235,8.7350369953822e-20,1.05576829829661e-17
"AT5G50240",221.946512067298,2.74001635539601,0.302706897959693,9.05171429479899,1.40741141812679e-19,1.69163033506517e-17
"AT4G27530",100.970451881653,4.42497546077064,0.489319453527803,9.04312188871359,1.52259945173896e-19,1.81996901316975e-17
"AT5G13900",115.790991773637,6.52637823854146,0.724914775075269,9.00295933113491,2.19713748439977e-19,2.61181700412027e-17
"AT1G53470",421.524209274414,2.27025013450213,0.25238822315266,8.99507158513076,2.36078315676655e-19,2.79101331129203e-17
"AT2G25890",948.141398833773,3.03293224990898,0.339767501946653,8.92649306520548,4.39727082417438e-19,5.17037795005504e-17
"AT4G19810",414.886727206143,2.9629882902307,0.332332530559805,8.91573354326653,4.84597520923952e-19,5.66717154875119e-17
"AT5G26010",271.597767204964,2.62447079844235,0.294749220447876,8.9040805416022,5.38303580630648e-19,6.26139675642154e-17
"AT4G30460",333.927746162367,2.38972984619602,0.269031913135837,8.88270026533776,6.52566216854774e-19,7.50971813917715e-17
"AT1G62510",1388.80753812866,2.98703707359093,0.336924275418221,8.86560361340291,7.60907186501932e-19,8.7100655520257e-17
"AT5G64210",111.950331678954,4.2091252409996,0.474801708926174,8.86501704157529,7.64923713836322e-19,8.7100655520257e-17
"AT2G33070",445.773704218041,2.2548906038439,0.254808817465362,8.84934291628436,8.8036080296168e-19,9.97204501155808e-17
"AT2G39050",638.789224825104,2.10168181268061,0.238292404822597,8.81975996778101,1.14705341629297e-18,1.29252607611971e-16
"AT3G22490",98.3232690700217,5.42066464249683,0.617703637633575,8.77551031310649,1.70130595533989e-18,1.90713753076572e-16
"AT2G40370",96.7298460456536,5.99610854472049,0.683482946713125,8.77287220340437,1.74165666073843e-18,1.94230628118949e-16
"AT5G51760",114.033649541554,4.37482153877322,0.500569026245571,8.73969684378154,2.33736789602053e-18,2.5932797143797e-16
"AT2G41870",465.496436014838,2.36263752238436,0.270569793592648,8.73208162305581,2.50027675923847e-18,2.75987182072063e-16
"AT1G52200",239.680275185371,-2.81640002739567,0.323120913480309,-8.71624184600262,2.8758865194397e-18,3.15836572832883e-16
"AT5G65990",1142.31758540281,2.02226459909472,0.232185251906293,8.70970306034288,3.0467185444076e-18,3.32907857112416e-16
"AT3G24300",125.346699861578,-3.60552547780557,0.414887752378439,-8.69036373606131,3.61280905140717e-18,3.92779516719569e-16
"AT1G19230",210.752126455413,2.92620887067812,0.33700422150991,8.68300360620875,3.85452163596967e-18,4.16962877971019e-16
"AT4G05100",385.002526350824,2.364144403393,0.273036529734212,8.65871099993242,4.77128789372029e-18,5.1131536454692e-16
"AT5G59090",1299.33256224624,-2.037270046458,0.235287370766557,-8.65864597755778,4.77400987466965e-18,5.1131536454692e-16
"AT1G70260",160.214004367914,-7.73184785428607,0.894496076007221,-8.64380298770998,5.43722754976955e-18,5.79479891819035e-16
"AT2G31980",4607.99776803608,2.02024254971263,0.234092889958747,8.63008932081896,6.13040805818128e-18,6.5015381538604e-16
"AT3G01260",120.71071931162,-6.90280610655175,0.800402419358606,-8.62416946725778,6.45594581736166e-18,6.81338476871315e-16
"AT1G32450",2432.11119615188,-2.04872700397183,0.238625473565157,-8.58553352818143,9.04158294295407e-18,9.49585664906851e-16
"AT1G21100",177.916717674271,-3.69062003340824,0.430418173491702,-8.57449861716724,9.95193809514779e-18,1.04014580042764e-15
"AT3G46230",346.177224567218,2.36116820265259,0.275750256341715,8.56270537687765,1.10249409280739e-17,1.14675287009077e-15
"AT3G09910",230.107029585499,2.6854582714609,0.313912838257623,8.55478955995101,1.18083952333234e-17,1.22236665489451e-15
"AT3G62090",607.970954204026,2.45740273433206,0.288709623454661,8.51167586631543,1.71437259396802e-17,1.76621195573801e-15
"AT4G25140",691.78283133745,2.77608770522936,0.326260373249233,8.50881054779117,1.75726691590779e-17,1.80182320974715e-15
"AT4G39675",510.042345411086,-2.70281111715783,0.31789489401758,-8.50221619793729,1.86004979810778e-17,1.8982159142482e-15
"AT4G21320",537.731173850771,2.10367058920331,0.248777245250875,8.45604101404814,2.76608351477278e-17,2.78345194614461e-15
"AT3G07250",126.006440805326,3.28375422785831,0.389403104704934,8.43278902551775,3.37522872465465e-17,3.3806978452733e-15
"AT1G68850",82.1506695983918,5.33022365100566,0.638871135946611,8.34319059211823,7.23124784096476e-17,7.20958742116463e-15
"AT5G13200",303.062109532501,2.56901348211862,0.308374463447623,8.3308243276602,8.02813824503059e-17,7.96737481335949e-15
"AT3G09220",801.013161231828,-2.11618588990246,0.254258613219008,-8.32296638100386,8.57887847799344e-17,8.4365470850631e-15
"AT5G14130",77.7074128517583,4.64798677938628,0.558613443555282,8.32057809028776,8.7535317676448e-17,8.56935112185499e-15
"AT2G48140",118.020449140888,3.22136785263848,0.391637614689276,8.22537910510538,1.94574437839589e-16,1.88772105948857e-14
"AT3G16990",333.210011600265,2.21726464499022,0.272059413165205,8.14992805870608,3.64140835086495e-16,3.50141642982059e-14
"AT5G06090",194.073095248776,8.60290982672183,1.05960645240061,8.11896700631765,4.7016830444673e-16,4.48109747431939e-14
"AT1G14520",361.167002383623,2.09979656644891,0.259524327100435,8.090943110841,5.92045042872481e-16,5.61793618532725e-14
"AT4G21440",85.0754479974979,3.93492340440222,0.488495690430992,8.05518550415563,7.9358360909836e-16,7.4325460531788e-14
"AT5G60220",104.903042577505,3.37520232684199,0.419651281485406,8.04287387112237,8.77556414268357e-16,8.18359182012754e-14
"AT4G27520",4710.27257158842,2.02157390259936,0.251828706724945,8.02757528674992,9.9417960218706e-16,9.23136295850517e-14
"AT1G29650.1",78.5165572703246,5.95868119245244,0.745505981742136,7.99280131666803,1.31906616261013e-15,1.21438282672639e-13
"AT2G21720",258.773408219273,2.40249151576165,0.30158018360461,7.96634409809718,1.6343744932373e-15,1.4919701333835e-13
"AT5G05220",265.469269689414,3.05458682634445,0.384338386394152,7.94764960898771,1.90083381186044e-15,1.72069203010882e-13
"AT1G24600",140.908487554973,2.78357519792579,0.351499129727901,7.91915246015142,2.39134984028449e-15,2.1467574188612e-13
"AT1G68570",193.253232852879,2.65114323674321,0.337787344597877,7.84855702601675,4.20851253728025e-15,3.70265149429384e-13
"AT1G80130",185.408466867317,2.89088337569371,0.368335306129893,7.84851011451572,4.21008674645845e-15,3.70265149429384e-13
"AT1G47960",384.263783425342,2.53479149452235,0.3232988659779,7.84039711013282,4.49123807848096e-15,3.93392452744678e-13
"AT4G15390",460.341026166785,-2.02419534919134,0.258766797973561,-7.82246936254227,5.17970635168572e-15,4.51866721446453e-13
"AT2G03200",127.762530031014,2.83607430230449,0.364186546181828,7.78742194635745,6.83902624902937e-15,5.91849331591002e-13
"AT4G33905",81.7147111249927,4.01757913556346,0.516934071481801,7.7719371912302,7.72947767135097e-15,6.63600196109835e-13
"AT5G59680",76.2535164202461,-3.910858499375,0.504018078990634,-7.75936154355223,8.53579951255049e-15,7.27055206511929e-13
"AT3G23800",319.093766779748,-2.14625520174996,0.276840400717434,-7.75268059209541,8.99727275200818e-15,7.6335684701842e-13
"AT3G30210",71.0109901284777,4.07406523042012,0.525589242829884,7.75142430329147,9.08675071160958e-15,7.67936920490911e-13
"AT1G62280",94.9182342030707,-3.95809417161698,0.514077384604534,-7.69941314314348,1.36692547408304e-14,1.14625707875142e-12
"AT3G02850",131.140215205694,-3.34859491459907,0.435278487234506,-7.69299428481753,1.43730936276004e-14,1.20062502174955e-12
"AT3G12960",72.143163238437,4.1004220229303,0.533169071083516,7.69065995256879,1.46378001928758e-14,1.2180338737418e-12
"AT5G16460",73.7265737272068,3.94546855468324,0.518686246585999,7.60665735914991,2.81275710683878e-14,2.30507575782034e-12
"AT4G23450",174.404075223882,2.41162842294583,0.317079115088852,7.6057624365138,2.83229135687582e-14,2.31232541532107e-12
"AT1G73260",7356.62729105335,2.2457458913049,0.295469605570808,7.60059867060242,2.94763916006388e-14,2.3974501213527e-12
"AT1G49860",93.9390282849792,-6.95731274673686,0.915741993378571,-7.59745954323696,3.0200058721894e-14,2.44710962714673e-12
"AT1G73010",94.1141549668019,3.38519987873779,0.445908110317673,7.59169838002299,3.15739303274568e-14,2.54888799490496e-12
"AT5G04380",62.2527036137079,4.58438581697335,0.608879752835164,7.52921376614479,5.10467547661778e-14,4.06028139472888e-12
"AT1G01520",95.3267647852808,3.55313673705546,0.472716661992214,7.51641950186638,5.62967166559164e-14,4.44518052865237e-12
"AT2G19970",92.2710556672082,-3.25304852743165,0.433317979054393,-7.50730106913772,6.03588051365906e-14,4.74859181501868e-12
"AT1G24580",75.3136606992614,4.36445660256391,0.582160423742053,7.49699983813695,6.52950597454715e-14,5.11832832461332e-12
"AT2G46750",91.8297829954286,-3.54086181317893,0.474321913740705,-7.4651027300303,8.32346481995289e-14,6.50101665630616e-12
"AT3G04720",703.21986818595,2.18784572707483,0.293669130729945,7.45003644624382,9.33144496239989e-14,7.26207955976697e-12
"AT4G22212",770.648904933278,-2.15020326930971,0.289362464762163,-7.43082994913329,1.0791837964467e-13,8.33862194147299e-12
"AT2G18050",1339.80177503629,2.21902155699537,0.298794876237361,7.4265716498853,1.1144853811128e-13,8.58074420653931e-12
"AT1G23070",69.9018139637258,3.86931610608815,0.522738675607881,7.40200847314121,1.34139939567201e-13,1.02187239173817e-11
"AT3G13760",61.455480105723,-5.32219749313925,0.720879244122089,-7.3829251383438,1.54849104805899e-13,1.17549487104408e-11
"AT2G38465",88.0557895055842,3.32364261023959,0.450287787312395,7.38115201852845,1.56925701993896e-13,1.18709355336991e-11
"AT4G24415",190.146539316497,2.37013995194335,0.321620427179378,7.36937007617818,1.71436148857501e-13,1.29234183990663e-11
"AT4G21490",65.4572693450582,-4.14569289837345,0.562746580028586,-7.36689132462228,1.7465274411031e-13,1.31201809681478e-11
"AT5G57790",196.251245450276,2.22724080048907,0.302386189817226,7.36555066167307,1.76417111350464e-13,1.32068657580183e-11
"AT1G11190",241.209806634659,2.16799749707838,0.294498299743939,7.36166388384388,1.81631843490324e-13,1.35503618410799e-11
"AT5G39580",461.926987059654,-2.24886068998691,0.30699026139962,-7.32551149907486,2.37989218609052e-13,1.76938032460716e-11
"AT1G74460",58.9704127855599,4.36259159011044,0.597592988192195,7.30027238657521,2.87185734879332e-13,2.12056770447589e-11
"AT5G15190",261.372634585144,2.18618537143015,0.300446767374777,7.27644830574298,3.42723355459281e-13,2.51349823571577e-11
"AT1G03070",118.455147698869,2.8431073114849,0.391361437641358,7.26465879883219,3.73981047802446e-13,2.73326817582646e-11
"AT1G55940",57.2840998920719,4.99423665252899,0.687512419756475,7.26421299312384,3.75216384663951e-13,2.73326817582646e-11
"AT5G53990",98.0368474123451,3.13718621989397,0.432504416785379,7.25353568227428,4.06030349082505e-13,2.94780758469798e-11
"AT1G56320",59.995618428074,4.26022757304454,0.588218003386854,7.24259976490843,4.40164426742768e-13,3.18493557611364e-11
"AT5G42510",88.1550563465617,3.6485906054893,0.503869854122467,7.24113692382656,4.44938912546031e-13,3.20875112431113e-11
"AT1G66800",149.532784512869,-3.24955944003816,0.448855749668339,-7.23965203172572,4.49837370738167e-13,3.23329950695025e-11
"AT4G12580",76.4890080477122,3.37301057934914,0.467198274975691,7.21965546539025,5.21194530451913e-13,3.70922489023919e-11
"AT1G02310",56.2353637489196,4.59361736626454,0.636836935290553,7.21317673600187,5.46613934724091e-13,3.87737458287072e-11
"AT1G80820",147.296095412372,2.47762419615126,0.344252376508411,7.19711573607896,6.14995601299499e-13,4.3481796843512e-11
"AT3G06390",83.0764204734331,3.28789695543382,0.457153262481189,7.19211088550224,6.37971825583466e-13,4.49593499885938e-11
"AT3G22740",154.602709877583,2.82865318388931,0.393415407326124,7.1899908626214,6.47956584328018e-13,4.55147425387554e-11
"AT3G21670",351.956613933522,2.11484263620653,0.29418097904188,7.18891698264917,6.53072654389421e-13,4.57256533259389e-11
"AT2G23640",74.8526818948313,3.808359652668,0.531626099853906,7.16360549964452,7.85823345633658e-13,5.48428647831748e-11
"AT5G65165",93.9575116350613,3.37374063165113,0.472518605743769,7.1399106630747,9.33915969879003e-13,6.49687202840265e-11
"AT5G09480",61.4562000067777,4.16464734151077,0.583447800187741,7.13799476177762,9.47022395994685e-13,6.56693254402083e-11
"AT1G54540",60.7539204278827,5.90866947753945,0.828697028601469,7.13007199689261,1.00316440592667e-12,6.9119305484788e-11
"AT3G44290",62.948479811296,3.80077224604582,0.534928195095305,7.10520081179992,1.20147714355048e-12,8.17420062915556e-11
"AT4G24000",70.6816242315603,6.55210412935208,0.922234676059998,7.10459528299695,1.20675642098609e-12,8.18438093041823e-11
"AT1G47610",69.4285075303933,3.54517327723527,0.499172295658001,7.10210343817675,1.22872206984241e-12,8.30731311907518e-11
"AT5G50770",67.3511055722141,3.8181334719138,0.538289216726925,7.09308927852952,1.31150786804964e-12,8.83939960288282e-11
"AT3G03230",93.0194530420519,2.90294875752728,0.412436963700566,7.03852712783244,1.94282481565796e-12,1.30537313312919e-10
"AT5G09640",57.1780797596028,5.21570392461153,0.742440963538604,7.02507563665745,2.1395031573518e-12,1.43306968449864e-10
"AT3G20380",55.5037817399439,-5.4407306316082,0.774604214600617,-7.02388462269524,2.15783018860964e-12,1.43645095786368e-10
"AT4G32770",344.845568460739,2.06854528821716,0.29448623322247,7.02425123776322,2.15217246259503e-12,1.43645095786368e-10
"AT2G40330",55.8557207093266,-4.75295721787364,0.678600231163533,-7.00406071145036,2.48648282115013e-12,1.64510874114933e-10
"AT5G40800",53.9495287052662,5.13276370113368,0.73453891523892,6.98773556396828,2.79358281746917e-12,1.84265744682761e-10
"AT1G29100",75.0325514228193,-3.73103514043775,0.535438220030743,-6.96818979456403,3.21044934464488e-12,2.09843116529885e-10
"AT4G13290",301.424767748143,2.14046903686788,0.308264638665706,6.94360873220066,3.82208174390725e-12,2.48320536124424e-10
"AT5G55050",272.346338306293,-2.18000526688029,0.31404999247609,-6.94158675086187,3.87720016574264e-12,2.51147381993539e-10
"AT4G23560",241.324718996135,-2.39670455808341,0.345412759478448,-6.93866828110892,3.95813310930734e-12,2.55624506924968e-10
"AT1G78460",184.318691540315,-2.39080918486546,0.344812858226901,-6.93364277991109,4.10139548668232e-12,2.64088367126107e-10
"AT5G45810",52.2685300101586,4.47810491786904,0.64788792168437,6.91185121375148,4.78369454397372e-12,3.04397739584916e-10
"AT1G65090",218.962796890004,2.96417622279569,0.429602598182908,6.89980981337933,5.20722059534935e-12,3.30376004634555e-10
"AT1G29680",59.315754410388,3.89124136452999,0.564090711676936,6.89825463170995,5.26453225132352e-12,3.33035541688258e-10
"AT3G49120",1930.50110588797,2.21372599691297,0.321190962610388,6.89224248067737,5.49196535138979e-12,3.45403111561971e-10
"AT1G17870",228.58079485027,2.12728272875054,0.308998974674368,6.88443296937259,5.80181645714111e-12,3.63832750870284e-10
"AT1G77950",95.1890565201941,3.08946944447763,0.449565675400134,6.87212038981371,6.32545345913417e-12,3.94383820139389e-10
"AT3G44550",52.0137866673622,4.84426007634552,0.706288626221139,6.85875419269287,6.94636428572958e-12,4.31852273913102e-10
"AT1G10480",301.807587062176,2.1794167687387,0.318070318942545,6.85199667791819,7.2826248280424e-12,4.51460137979075e-10
"AT2G32660",120.999078262923,-2.51696097629335,0.368416509702875,-6.83183546340867,8.38349745550428e-12,5.16743497008077e-10
"AT3G12955",75.2168840673564,3.07734634002958,0.451034788874592,6.82285804983708,8.92468337635525e-12,5.48538422862062e-10
"AT5G47530",142.598488780445,2.28031540055901,0.334444358470738,6.81822055837885,9.21750567613016e-12,5.64931261481801e-10
"AT5G66110",100.125460304495,2.91820179361674,0.428088906706088,6.81681246092249,9.30826464622471e-12,5.68882219268564e-10
"AT4G23700",472.438748031464,2.08994494663958,0.307177171818809,6.80371179363663,1.01957413765464e-11,6.19620406408935e-10
"AT3G52820",120.296645386695,2.51059410987839,0.36926157718341,6.79895842136695,1.05378222106232e-11,6.36831797560983e-10
"AT3G27660",145.836577484897,2.61238006320192,0.385966180376441,6.76841701688477,1.30199029474532e-11,7.78137017315334e-10
"AT1G15960",165.747065247435,2.15964559887208,0.319135509525239,6.76717423919659,1.31321893486162e-11,7.8268572054356e-10
"AT1G02390",91.5985029481354,2.98663948545052,0.442780168829859,6.74519704291036,1.5281948842294e-11,9.08036784998922e-10
"AT2G28860",54.9814229606851,-4.92423817619044,0.7301762398448,-6.74390360502157,1.54186855221924e-11,9.11429675608287e-10
"AT5G24140",179.608623448847,2.09222308718958,0.310287374846982,6.74285599993024,1.55303114008163e-11,9.13038823795275e-10
"AT1G54000",362.703984786047,-2.21830177659426,0.329874321906032,-6.72468764399965,1.75969516293591e-11,1.02894607703023e-09
"AT3G05155",75.5112261898312,-3.02588890181774,0.452392682520397,-6.68863361131248,2.25263923839946e-11,1.30659115074457e-09
"AT5G28520",209.25690914714,9.71448724422422,1.46050983933655,6.6514356716947,2.9024770892299e-11,1.66565230306337e-09
"AT5G19040",80.1000710057127,-2.93568653929625,0.442208461202113,-6.63869373126826,3.16475196730355e-11,1.81136002149768e-09
"AT4G29930",140.640337685328,2.90185619289313,0.437943521329212,6.62609686309695,3.44679041943674e-11,1.96758075790274e-09
"AT5G04000",85.4870840313007,2.76520014149624,0.417584612989837,6.62189184054907,3.54630511520031e-11,2.01906082019365e-09
"AT3G19620",153.598074710396,2.35422122317951,0.356786535554735,6.5984026541785,4.15611228925814e-11,2.34771512736553e-09
"AT5G07475",47.0626270287764,4.69727804053332,0.715472713703336,6.56527908132217,5.19354990164533e-11,2.91850524992459e-09
"AT3G48020",127.606481085182,2.43019485388518,0.370229589934194,6.56402113703859,5.23757724080059e-11,2.93562133690987e-09
"AT1G05100",133.55862954745,2.4823633991759,0.379038581079904,6.54910482226767,5.78829938687286e-11,3.23591362364327e-09
"AT3G51810",1527.16707608607,5.23169879358517,0.799212526175377,6.54606706256396,5.90720621589719e-11,3.29387645569422e-09
"AT3G20300",386.093689577715,2.02969789255921,0.310924153632227,6.52795181348315,6.66751382462909e-11,3.68930080807801e-09
"AT5G23190",70.0533319013329,7.12766586274878,1.09357561733974,6.51776223768384,7.13639891718202e-11,3.93867322890901e-09
"AT5G47950",103.652448874997,-2.56302137016428,0.394277739905601,-6.5005479913168,8.00279533792711e-11,4.40561010524308e-09
"AT1G52890",67.1043565943284,3.28657821312557,0.506795157028828,6.48502292798867,8.87182925130534e-11,4.83481173430708e-09
"AT5G12420",91.2300263111345,2.5952528542437,0.401493435891369,6.46399821825703,1.01972073051768e-10,5.52923759517543e-09
"AT5G62430",57.9972476847158,3.33565300682448,0.516553945140471,6.45751143361684,1.06438712962395e-10,5.75700388735353e-09
"AT4G28110",72.5486433596469,9.63070667454636,1.49460042673441,6.44366648254527,1.16621212076059e-10,6.29201975876691e-09
"AT1G30190",52.4429509297254,6.10945473541504,0.95019731445257,6.42966954598776,1.27881648989097e-10,6.86530887314914e-09
"AT3G13610",52.5598705915668,-5.68573035867867,0.884522491854941,-6.42802236351849,1.29274726202141e-10,6.9229175776815e-09
"AT5G22545",54.8638894686437,6.17902456704083,0.962094153511772,6.42247387585359,1.34077265773278e-10,7.16237443211081e-09
"AT3G24310",62.7702345237415,3.2536114121198,0.507442304061685,6.41178590369219,1.43824725590043e-10,7.64532662933805e-09
"AT4G01970",169.11445582802,2.55658754585038,0.402428254802698,6.35290269840475,2.11289376026761e-10,1.10952564328616e-08
"AT4G37150",80.9872331063086,2.71165093348651,0.428861744293767,6.32290235621728,2.56695519853122e-10,1.34145110435321e-08
"AT5G43770",43.0156471357652,4.18251527599782,0.67142050988595,6.22935286368937,4.68365797477942e-10,2.40691069559033e-08
"AT1G75030",48.3132212658531,3.79443214498979,0.610127769806581,6.21907792558381,5.00084915602372e-10,2.56382396897093e-08
"AT5G06570",109.105588935502,-2.38798958058344,0.384197878074323,-6.2155199621417,5.11549693929576e-10,2.61640133053579e-08
"AT2G34850",52.8900791420911,3.53284901789429,0.568762750367612,6.21146341881722,5.2493412256135e-10,2.67222346861525e-08
"AT2G38905",57.8760240435437,3.75194592117413,0.605139240413434,6.20013654809559,5.64141939162488e-10,2.85168477892066e-08
"AT5G53710",73.7330645732463,2.72169719540955,0.439215569204443,6.19672294481591,5.76508491126453e-10,2.90740354441045e-08
"AT1G16515",62.662098195412,3.06622914414331,0.496520702156557,6.17543061311571,6.59833805282595e-10,3.30451490215022e-08
"AT5G45380",104.126901540749,-2.48972052848729,0.403672729234412,-6.16767085854223,6.93032116141068e-10,3.46275977660785e-08
"AT5G55930",101.382157151553,-2.36398437979241,0.384078912456942,-6.15494447396257,7.5103804263971e-10,3.73533518448509e-08
"AT3G29250",342.082453853485,-2.03997877452843,0.332297417486657,-6.13901483182711,8.30348152972143e-10,4.11088839577856e-08
"AT1G22600",81.9576261083373,2.65455967533089,0.432819492042919,6.13317959133794,8.61398111357599e-10,4.24518180847874e-08
"AT1G07645",69.9187050470543,2.76861638644218,0.451447695862368,6.13275117320844,8.63721872260599e-10,4.24695970599047e-08
"AT5G47635",48.831013468128,3.70001845749317,0.604798986408414,6.11776563890369,9.48964893143146e-10,4.63450461922166e-08
"AT2G37440",61.5050514859134,2.96727845133787,0.485212089235883,6.11542563997276,9.62995794768441e-10,4.69243559004848e-08
"AT5G62490",906.232407024631,4.57465263690478,0.749033216715371,6.10740957118745,1.01261149666291e-09,4.92311229894429e-08
"AT5G50260",43.8204562593773,5.84920592764268,0.962095459887727,6.07965235416999,1.20443393743877e-09,5.80354749142269e-08
"AT2G23620",73.8679980446201,-2.89314582986632,0.480862763327134,-6.01657281559582,1.7814838324958e-09,8.54598729845826e-08
"AT1G55240",65.2482056799905,2.79730065763161,0.467221557425503,5.98709672782519,2.1361975375378e-09,1.01352266939979e-07
"AT1G48000",48.0456912576804,3.4638071455239,0.578764142192939,5.984833705142,2.16611054806795e-09,1.02546612051313e-07
"AT4G39130",43.1989149142197,3.88211504386555,0.650281379744716,5.96990036127064,2.37398522592697e-09,1.1093125348365e-07
"AT2G43570",192.425795643751,2.27067475651325,0.380561879103174,5.96663744110232,2.42192739891804e-09,1.12927584645672e-07
"AT4G31330",69.3461241381703,-2.94156772805591,0.494471354579409,-5.94891433207079,2.69926860217482e-09,1.25319047656765e-07
"AT2G32270",52.5952994359651,-3.17405750887509,0.53471821308941,-5.93594426218723,2.92159051449888e-09,1.35061134147828e-07
"AT1G02220",132.428125704686,-2.3891295118002,0.403635403424996,-5.91902863705103,3.23848579455823e-09,1.48757197803115e-07
"AT1G18100",66.8177047462174,2.82844133701292,0.478810569271338,5.90722410601188,3.47920313448043e-09,1.59138604258952e-07
"AT4G00910",163.38429144233,-2.12608142372177,0.359960613154443,-5.9064279424637,3.49605106594292e-09,1.59571866691297e-07
"AT1G05700",39.0725126163235,-5.67438534820505,0.964368213806927,-5.88404435874647,4.00360460321122e-09,1.80830867621033e-07
"AT3G02410",83.5820905778131,2.45508911256124,0.41811604334297,5.87178882908205,4.31117682626549e-09,1.94317313825529e-07
"AT5G35110",38.488681159135,5.66277806782458,0.966234309941623,5.86066755191783,4.61010108058154e-09,2.0735870452886e-07
"AT2G40460",64.5230532589154,2.77252576495511,0.473921706026248,5.85017679017545,4.9105079395735e-09,2.19501734034448e-07
"AT1G78780",51.1742441713759,3.14021359051299,0.536842483433898,5.84941335198865,4.93309779625905e-09,2.20056847055803e-07
"AT1G02360",52.1435686051321,-3.2340153179895,0.55506506358318,-5.82637159166993,5.66454141931952e-09,2.5061831003472e-07
"AT4G13860",80.6258924611706,-2.6621637632129,0.457707552089919,-5.8162985317968,6.01649774489511e-09,2.65646793287359e-07
"AT1G45020.1",42.1121998040821,-8.83840879684505,1.52024573981271,-5.81380270661631,6.10693855072833e-09,2.68745821619148e-07
"AT4G18650",37.1709770679097,4.35281343717375,0.750568262309311,5.79935717476413,6.65696082357239e-09,2.90956257410078e-07
"AT5G54230",82.9480983784772,2.37360670082588,0.40955232682782,5.79561278337887,6.80721623419151e-09,2.96923635537769e-07
"AT5G36100",108.903929592901,2.11550279593096,0.365117996609843,5.79402498801379,6.871922719875e-09,2.99142953811863e-07
"AT4G26200",53.3188078741963,3.12159256499191,0.53951624479273,5.7859102392573,7.21207196408458e-09,3.12691737360661e-07
"AT1G43780",36.8011265509531,-4.83255344376685,0.83680908137728,-5.77497729328306,7.69634634047583e-09,3.32356193764859e-07
"AT5G19410",35.7580193079414,4.28269555194939,0.744881265818351,5.74950095871223,8.95072456319373e-09,3.83463219652864e-07
"AT1G73810",35.1862681123691,4.77289779672244,0.830510635493724,5.74694361847039,9.08710130640577e-09,3.88536436292666e-07
"AT4G28410",112.650181260612,-2.12476624601443,0.372083667765696,-5.7104528633931,1.12675942523745e-08,4.77053623581451e-07
"AT1G12130",97.8546182145843,2.23150013137363,0.391739873518676,5.69638242676169,1.22376213808089e-08,5.16103194100978e-07
"AT2G41990",89.638324337546,-2.43551020267708,0.427739918077729,-5.69390440252177,1.24166623818399e-08,5.22635195780362e-07
"AT5G42590",96.6548323241013,-2.47421848380761,0.43553881907819,-5.68082195071441,1.34048967003236e-08,5.63135806041751e-07
"AT5G03285",131.530452203867,2.08447473426853,0.370915842392154,5.6198050771439,1.91173022543767e-08,7.86317175424792e-07
"AT1G22990",43.8414848934272,3.53151910446944,0.629985780338286,5.60571240603734,2.07400099062586e-08,8.51442342166802e-07
"AT1G67110",33.7795341956794,-4.19358829040217,0.748657478973423,-5.60147785627217,2.1253194191001e-08,8.7085768242861e-07
"AT4G39955",101.303150855066,2.1660131401137,0.386722866481469,5.60094405541828,2.13187538345341e-08,8.71892701720503e-07
"AT2G40170",1114.77570492099,4.42466461254442,0.794240493684535,5.57093808201356,2.53371369608462e-08,1.02845958376718e-06
"AT4G17970",89.3589940108133,2.1817954262022,0.393386858323885,5.54618279700099,2.91973578328964e-08,1.17632185607954e-06
"AT5G49850",37.291865004792,-3.79760926349351,0.686310737609123,-5.53336711111808,3.14141007841463e-08,1.26327894138477e-06
"AT1G24735",51.6810956719076,3.14491918809551,0.570257500540835,5.51491069405112,3.48957110440987e-08,1.3980902008131e-06
"AT1G44050",32.7819536540184,-4.38012566914375,0.79734052757968,-5.49341908210734,3.94225780838299e-08,1.57363003107686e-06
"AT3G08860",121.910812522116,2.18178230776488,0.397996505726755,5.48191322378791,4.20750611758473e-08,1.67333446422694e-06
"AT4G09500",132.331166451805,2.06896422252713,0.378112830155025,5.47181702794603,4.45444612945867e-08,1.76829251396034e-06
"AT3G15370",33.790138208473,-5.46295189291315,1.00063030530231,-5.45951073434925,4.77448471104888e-08,1.89186770555939e-06
"AT1G59740",84.559572407072,2.27420295674538,0.418188711971644,5.43822176840485,5.38149655592833e-08,2.12074094694917e-06
"AT4G27657",81.2025650615553,2.26710551206197,0.417132016975101,5.43498321826803,5.48015899095681e-08,2.15569526853365e-06
"AT1G16120",54.5732264792607,2.82595883441092,0.521478271712916,5.4191305519373,5.98895735464882e-08,2.34078867529076e-06
"AT5G10230",31.4263051406953,8.42413733553457,1.55453961059944,5.41905608457681,5.99145215532818e-08,2.34078867529076e-06
"AT2G23540",40.2533165962448,3.39179234169078,0.627383962593718,5.40624648368201,6.43592139157187e-08,2.49089730423359e-06
"AT4G28790",59.2735975754292,-2.78881280531109,0.519246180102427,-5.37088747530308,7.83500895836895e-08,2.98990878590449e-06
"AT5G60950",51.7863094060971,-2.8642746922954,0.534243147293035,-5.36136908223987,8.25935701312029e-08,3.14597163695172e-06
"AT5G54040",54.6518705043271,-2.65205362821272,0.495780775453344,-5.34924660156028,8.83211282189481e-08,3.35822075398408e-06
"AT3G53200",114.663731533734,-2.26079776819588,0.424355454125832,-5.32760389012344,9.95168589215679e-08,3.76406860623797e-06
"AT5G05960",66.4709462066513,-2.41252236278079,0.45331781433497,-5.32192269196398,1.02676208230814e-07,3.86764216648695e-06
"AT5G57550",47.5997182177204,3.09371426224158,0.582100842703096,5.31473936350156,1.06810095766725e-07,3.99798688912302e-06
"AT5G62360",66.1203207986819,-2.44869637286575,0.461837743781324,-5.3020707073807,1.14496475238989e-07,4.26356496006113e-06
"AT3G20940",77.1466837242665,-2.51426379705019,0.474386196615172,-5.30003574090035,1.1578001357099e-07,4.30395290998003e-06
"AT3G46400",29.5999741492452,-5.26607239466229,0.995619000116674,-5.28924457452617,1.22822568630973e-07,4.550113480019e-06
"AT2G29300",40.5798272108636,3.41275826905316,0.645284060881751,5.288768894105,1.2314236024787e-07,4.5541623315601e-06
"AT5G45630",55.9408018725921,2.58989269068176,0.49062200881724,5.27879435520087,1.30036642436002e-07,4.79274746014122e-06
"AT1G51270",40.8544364650058,-3.1050488053211,0.588580306451683,-5.27548878425818,1.32402709393247e-07,4.87165411177363e-06
"AT3G48240",71.8414420778473,2.43712448367148,0.462117318082412,5.27382201079262,1.33611496214815e-07,4.90778390595505e-06
"AT2G28960",61.7402526662477,-2.64463404701444,0.502137326794811,-5.26675454281676,1.38856667772179e-07,5.08318782952808e-06
"AT1G60470",29.6338047857446,8.33952937132769,1.58548798310455,5.25991332649398,1.44123319233802e-07,5.24934008690793e-06
"AT3G05260",65.1731464424003,2.8328610947877,0.539102102071976,5.25477656996686,1.48204279808177e-07,5.37085359070337e-06
"AT2G18550",33.515502325557,3.6442017851873,0.694644501852158,5.24613924888287,1.55319528136773e-07,5.61929429973089e-06
"AT5G55240",50.7342850610098,2.96366117293661,0.569644391067379,5.20265137234724,1.96465216883109e-07,7.03729299216234e-06
"AT4G11910",104.449753619778,2.05620418018738,0.396655046543295,5.18385987549246,2.17340247937246e-07,7.74655068224435e-06
"AT1G09240",32.7337618643035,-3.94432396492061,0.761965645803837,-5.17651154831205,2.26073065104684e-07,8.03134772338231e-06
"AT3G62740",36.6826648701069,3.36942656035252,0.652052780289146,5.1674138385828,2.37355325962577e-07,8.40455397250468e-06
"AT3G28007",54.6032281904637,7.77256261676749,1.50588108308737,5.16147171517163,2.45015915325845e-07,8.61823562494767e-06
"AT3G04040",61.7410165867445,2.37674772733656,0.460851743690717,5.15729355454413,2.50544845631462e-07,8.77109665895902e-06
"AT2G18340",46.8915917627656,3.41888320336139,0.663274411056889,5.15455314778931,2.54236448587421e-07,8.88595406330994e-06
"AT1G07690",27.9303456548671,-5.17967352552978,1.0055063417291,-5.15130865969741,2.58675050971258e-07,9.02650762542446e-06
"AT3G46330",42.32949140596,-2.89938434784672,0.564321009442917,-5.13782811437219,2.77931916357941e-07,9.6781198823877e-06
"AT4G01750",85.1627477481232,-2.25318072756391,0.438712149851325,-5.13589771408768,2.80800361814026e-07,9.72018532455432e-06
"AT1G07500",27.2539652090015,5.15346201490628,1.00757876934472,5.11469889173811,3.14241826210184e-07,1.07743611886804e-05
"AT4G03540",49.5238314801838,7.62916041531077,1.5006012230742,5.0840691704098,3.69433298739092e-07,1.25869124696382e-05
"AT2G31985",30.2903595532408,3.82182739005702,0.752654240920646,5.07779958215896,3.81831153613492e-07,1.29684725407032e-05
"AT2G32460",67.0048333618032,-2.38846633297152,0.471150864043311,-5.06943001754096,3.99008813840786e-07,1.35094768191634e-05
"AT2G38240",39.5048305410127,3.16623221169318,0.625652520207134,5.06068801680035,4.17746285837861e-07,1.40997517848707e-05
"AT2G42060",32.550375738634,-3.43651392300718,0.680776839580241,-5.04793013394241,4.46622404058555e-07,1.50274894429344e-05
"AT1G32710",26.4505421347971,5.10954040169665,1.02012282464251,5.00875019974899,5.47846229965164e-07,1.83194021411071e-05
"AT1G33817.1",41.311569426195,-2.8589324032778,0.571329552661534,-5.00399881287338,5.61531027413583e-07,1.8719142955459e-05
"AT2G32510",98.7895631417677,2.1847268277188,0.437173714056011,4.99738835496154,5.81119625811609e-07,1.93126314968267e-05
"AT5G60530",79.95513883942,-2.02776607021237,0.405797815719888,-4.99698616320815,5.82332451370665e-07,1.93232554990864e-05
"AT4G37850",39.0831466393285,-3.13216408439374,0.627012013653245,-4.99538129444185,5.87196338010483e-07,1.9454812822139e-05
"AT1G78860",46.5179137552634,-2.97741490046786,0.596711166099436,-4.98970870602361,6.04704094636309e-07,2.00042401948877e-05
"AT1G52560",35.7279863037477,3.09881371182028,0.621334890246372,4.98734862706896,6.12135468089697e-07,2.0219161606291e-05
"AT2G29460",72.9625602007735,2.11215674210693,0.423923410785961,4.98240174608652,6.27998803277347e-07,2.06799910333416e-05
"AT1G35625",25.8501403048817,-4.29934114726005,0.864133376595202,-4.97532124519946,6.5139521471245e-07,2.13853345528131e-05
"AT5G46950",21.2100604904912,-7.84867286113334,1.58093914526297,-4.96456355366404,6.88557363906739e-07,2.25369721151623e-05
"AT2G05510",348.965115941207,4.29023740119905,0.864501408461119,4.96267254073768,6.95297521411884e-07,2.27232052503718e-05
"AT4G19820",34.4614378140136,3.15323624792907,0.637224076691768,4.94839470645791,7.48280506642098e-07,2.43078810228255e-05
"AT5G24210",43.4594147877424,-3.75499295711572,0.758945499718451,-4.94764506609332,7.5116718838426e-07,2.43650706457173e-05
"AT1G49570",161.711162474767,-2.26490292014388,0.458373300239349,-4.94117549813923,7.76529718857526e-07,2.5150030639944e-05
"AT2G01900",75.2309876305206,-2.15829297834087,0.438340245760807,-4.92378466091978,8.48862452700571e-07,2.72442579930069e-05
"AT4G16620",65.4946443838564,2.27036941102865,0.461127153448532,4.92352140629701,8.50005738168692e-07,2.72442579930069e-05
"AT5G22270",102.906178666759,2.14092385318622,0.435095913595827,4.92057908678725,8.62885232861843e-07,2.75753648640561e-05
"AT5G24130",90.2368553079249,2.37657920045748,0.483138214954808,4.91904620022612,8.69669429290508e-07,2.77511771426256e-05
"AT1G05450",24.7314662110551,4.57662483125,0.930686267559823,4.91747325685755,8.76684289868004e-07,2.7933821224292e-05
"AT5G18450",27.6918519517656,4.73441955356274,0.967571902797759,4.89309325733111,9.92633408247131e-07,3.14891844390421e-05
"AT5G58670",40.098893516809,3.16679275303726,0.647572088782557,4.89025516678902,1.00705346523267e-06,3.18998561058696e-05
"AT3G27950",19.9593203996742,-7.76100729646235,1.58808985092268,-4.88700767903856,1.02380102179168e-06,3.23829460620803e-05
"AT3G20360",26.9660390704266,-3.84870851402644,0.789096199180061,-4.87736288430432,1.07513534077572e-06,3.37598738718183e-05
"AT4G13300",29.52033804421,-3.77918133888485,0.774889992396404,-4.87705529296804,1.07681258455863e-06,3.37635366187332e-05
"AT3G51350",40.6489732225798,-2.75304942972221,0.567867309237507,-4.84805056557809,1.24680624373127e-06,3.87566854642617e-05
"AT2G25340",40.813052467897,7.35058002834492,1.51884411851999,4.83958817018532,1.30108459562606e-06,4.02703365184117e-05
"AT5G44585",97.9898887799354,-2.02801115471938,0.420276197802222,-4.82542472146791,1.39705226639397e-06,4.29335593514681e-05
"AT2G22510",1410.63058513121,7.84529408381323,1.63620307432623,4.79481685795256,1.62823514779053e-06,4.99671878332597e-05
"AT4G25433",25.7480961046601,4.01287211592086,0.841243648828174,4.77016631449244,1.84073875529911e-06,5.59331221501352e-05
"AT2G17680",39.9679049438013,3.06627432244951,0.644532127520131,4.75736459289803,1.96136734834121e-06,5.91829603645216e-05
"AT5G13205.1",30.7688343312136,3.21490821831083,0.677153899864576,4.74767732852721,2.05765960814225e-06,6.19158075412484e-05
"AT2G43140",31.1440153232203,-3.37126460095479,0.713104566778712,-4.72758801164844,2.27202592391901e-06,6.79879403374657e-05
"AT1G48470",60.6606547057721,2.56556777849892,0.54368221343593,4.71887384780385,2.37153821334251e-06,7.06724920739191e-05
"AT1G66930",23.4442504809402,-4.14884814346694,0.882954952556238,-4.69882198571471,2.61666401697995e-06,7.77630851749466e-05
"AT1G53540",95.1664425281847,2.18402622034952,0.464835631333871,4.69849140884993,2.62090212033111e-06,7.77821911843121e-05
"AT2G17660",72.6776225786943,-2.45393861054753,0.524856014123709,-4.67545106565004,2.93308213066323e-06,8.6690207509425e-05
"AT5G04010",34.0383805667404,7.08713278328625,1.52824679384849,4.63742689453919,3.52773322090105e-06,0.000103664787383148
"AT1G58561.1",51.7700356805543,-3.1535486781369,0.68226619471465,-4.6221675682698,3.79751060826623e-06,0.000111025867580865
"AT5G62800",22.4697754982399,4.096120031748,0.891593752354192,4.59415515298585,4.34506014988744e-06,0.000125507845584533
"AT4G28530",34.795911225093,3.26713824422459,0.714087888118697,4.57526069071419,4.75627362621708e-06,0.000136113730030696
"AT1G78720",89.6649224925887,2.17267316886949,0.475082541976935,4.57325407039473,4.80207248301056e-06,0.000137061791780915
"AT1G51830",38.2935157627005,-2.73238947049864,0.59940081851454,-4.55853476688631,5.15117381953546e-06,0.000146446314830026
"AT3G04050",22.2310382985934,4.07435229508855,0.894138828709902,4.5567334336293,5.19552922891914e-06,0.000147513484078301
"AT1G19050",46.7542126363301,-2.56947339079997,0.564775586145249,-4.5495475616029,5.37613820499838e-06,0.000152042810542667
"AT4G26740",76.9929789199507,2.06088677410748,0.453295604463546,4.54645214693057,5.45577670189159e-06,0.000153892736565091
"AT3G26610",50.3693051499411,-2.30176202634067,0.50827002016255,-4.52862048720588,5.93700236694787e-06,0.000166114428172791
"AT4G08770",44.4973732989559,-2.67720097625303,0.592572721920733,-4.51792814150353,6.24476683359691e-06,0.000174105065006275
"AT3G16360",40.7451193817997,2.5352817011337,0.564798948007635,4.4888215710689,7.1618251484999e-06,0.000197635315163004
"AT1G45035.1",14.7272204396019,-7.32233764150768,1.63246505221022,-4.48544832956384,7.2760778184674e-06,0.000200532412232538
"AT3G61450",25.7876112731948,3.38830455189306,0.759383281955949,4.46191617909441,8.1230001595553e-06,0.000221496994430541
"AT5G22460",63.5174902010435,2.06497361268555,0.463020826477527,4.45978559624417,8.20416831856301e-06,0.000222986409010189
"AT1G45030.1",14.1638991391985,-7.26681248976465,1.63637008693532,-4.44081234910272,8.96199197687103e-06,0.000242063291410243
"AT4G18510",61.6086883354857,-2.00898149989296,0.452906770267739,-4.43575064842888,9.17520043495386e-06,0.000247513044152402
"AT4G01430",41.4648187666858,-2.6377579630415,0.596304642729587,-4.42350733840868,9.7111331735484e-06,0.000260994243738782
"AT1G18710",45.1608539308137,2.39425063534508,0.541513022151272,4.4214091580539,9.80592892593185e-06,0.000262563455832346
"AT5G55135",20.7279931835599,4.73287011955866,1.07359700085967,4.40842338025243,1.04125843979099e-05,0.00027709257496775
"AT4G25090",47.1112680598605,-2.45957374663706,0.560531113952001,-4.38793438119062,1.14432286997392e-05,0.000304145273856091
"AT4G23493",45.2575681679212,2.40353521317056,0.548826015083761,4.37941195772897,1.18999986393335e-05,0.000315510380590663
"AT2G19320",21.7220410647137,4.03286430869508,0.922152797583495,4.37331461690863,1.2237416551779e-05,0.000323663211610929
"AT5G40790",26.7694254886939,6.73468188639207,1.54389693835972,4.3621317712743,1.28801251370808e-05,0.000340246040709088
"AT2G44925",13.5272727168285,7.20739536467356,1.65366390749938,4.35844026829634,1.30992662846395e-05,0.00034477205117783
"AT3G18950",68.7978394675674,2.09545946733053,0.48265099584206,4.34156250661967,1.4147301807757e-05,0.000370553116962254
"AT5G50800",26.5433076254301,6.72212010164066,1.54880306809952,4.34020324474766,1.42350990701386e-05,0.000372401896472125
"AT3G21320",33.1493634556172,-2.76608872790132,0.639018770752735,-4.32865019699342,1.50026001618617e-05,0.000389653366748953
"AT3G52561",19.7850882843543,-5.26813881165637,1.22109994388638,-4.31425686163701,1.60140668706333e-05,0.000413441929291351
"AT5G59720",53.1239515532778,2.34572765631572,0.54811689410655,4.27961203447184,1.87219378109844e-05,0.000478216203707967
"AT1G11185",21.2529320505538,-3.71945818645287,0.871716568499596,-4.26682057088215,1.98278503849921e-05,0.000502902160702584
"AT1G01250",26.7536689802693,2.9895011618398,0.700717837685939,4.26634088795623,1.9870509196182e-05,0.000503393988828333
"AT2G18540",499.211155933294,3.92805211537844,0.920997900864038,4.26499573092764,1.99906024066085e-05,0.000505844073762543
"AT2G42000",12.2605783733542,7.06573099492096,1.66431970614411,4.24541689246162,2.18187369521698e-05,0.000548255951173279
"AT4G10500",23.7654085039806,6.56107501178109,1.55528080459258,4.21857904528039,2.45846783205994e-05,0.000613482716800655
"AT5G49770",38.3420147038773,-2.36035277641022,0.559610407310955,-4.21785003562069,2.46642759512023e-05,0.000614759919590164
"AT2G35070",30.7450846110893,3.10542664720609,0.736887214244962,4.21424959908962,2.50610017391463e-05,0.000622496868687061
"AT4G25110",19.3935607806909,-3.8602322270532,0.916520726794061,-4.21183298336971,2.53306808890981e-05,0.000627754044714361
"AT1G08170",18.2256164042314,4.54675380536454,1.07960396240796,4.21150159103104,2.5367876706538e-05,0.000627956536093763
"AT4G35690",19.4825672911234,3.87158044356249,0.919938865010411,4.20851927320049,2.57049607470321e-05,0.000635573515156615
"AT1G09090",46.385193779372,-2.20575987475992,0.525359932660891,-4.19856890034987,2.68607128147404e-05,0.000658133093711107
"AT5G36870",35.0412060482537,-2.5028588006352,0.59843004572326,-4.18237489665188,2.88479762478015e-05,0.000703636940384651
"AT2G28780",356.371170507466,-4.37163008842493,1.04684205354758,-4.17601688202167,2.96657812805099e-05,0.000721956330712971
"AT1G33813.1",27.5666105810502,-2.90118911612777,0.698328687459636,-4.15447506056446,3.2603517372413e-05,0.00078725545475922
"AT5G05290",61.6453743611921,-2.60221631202654,0.626401298430115,-4.15423198921874,3.26381914500462e-05,0.00078725545475922
"AT1G76290",11.4865834131294,6.97199264962029,1.67945264056888,4.15134817213939,3.305224979718e-05,0.00079453936040221
"AT1G70170",31.0247239064299,2.66184636713412,0.641273936855536,4.15087252756036,3.31210204023794e-05,0.000795308852836268
"AT1G52060",17.8302725105391,-5.11362908019958,1.23792025427309,-4.13082269439264,3.61467302471896e-05,0.000865082421347287
"AT1G52680",22.0060147772569,6.44882358529818,1.56316213068199,4.12549885819242,3.69932017923118e-05,0.000882412261054758
"AT5G55750",21.7159761223788,3.51233525869399,0.855492818865743,4.10562798569231,4.03217956349757e-05,0.000958639613805164
"AT2G42540",86.3105565606691,2.38989957676781,0.582884960481797,4.1001222175854,4.12932006024028e-05,0.000977692232063263
"AT5G40010",31.6016256735789,-3.24982046744318,0.79439700306126,-4.09092740143756,4.29651623237333e-05,0.0010125831011699
"AT2G21900",26.6236856413421,-3.82620557827759,0.940293499529721,-4.06916093771915,4.71827485917946e-05,0.00110561212527766
"AT1G16730",57.3924730443997,2.07902481396492,0.511946121386093,4.06102268796562,4.88582227160439e-05,0.00113570827380991
"AT5G08250",18.2717074420674,4.10401448371616,1.01060275204111,4.06095716187917,4.88719391225802e-05,0.00113570827380991
"AT4G02270",22.7733029014224,-3.19201507916508,0.787485041039961,-4.05342947841862,5.04722196841312e-05,0.00117163784642294
"AT5G24780",35.9959118003859,2.32776147649438,0.57551298775084,4.0446723636794,5.23963477628673e-05,0.0012098132164884
"AT1G11540",46.6998366793138,-2.06565828538741,0.511508003567935,-4.03836943113063,5.38240391643181e-05,0.0012388117950213
"AT4G02850",23.6371883502312,-3.25316334124959,0.806204388635768,-4.03515955396185,5.45652051917518e-05,0.00125320404917574
"AT5G38350",27.1120099016886,-2.87254658598088,0.713656738370725,-4.02510959616088,5.69487866205417e-05,0.00130104223710182
"AT5G20470",10.4904604468433,-6.83281372189491,1.69897089279157,-4.02173677658948,5.77705959415953e-05,0.00131564930862781
"AT3G50010",22.5324649498969,-3.17023531969888,0.789633062039019,-4.01482089859888,5.94909526006522e-05,0.00134773482671739
"AT2G28420",40.1555894451902,2.19852170149484,0.550586801060693,3.99305195340578,6.52282695633495e-05,0.00146848450780756
"AT3G01960",39.2350608362442,2.26757684471307,0.568200470152165,3.99080423869733,6.58496176197878e-05,0.00147632795565193
"AT5G09978",27.4258501671836,-2.76968253767996,0.694330083685789,-3.98899976071518,6.63524885761613e-05,0.00148606220532634
"AT4G09610",10.2346031266449,6.80555321283084,1.70675727941287,3.98741713008657,6.67965246809895e-05,0.00149445999118222
"AT1G73280",29.7516602935973,-2.58349034364385,0.650531339340361,-3.97135416452575,7.14652435134151e-05,0.00159068985947812
"AT2G36770",58.1069111677006,2.04463374778606,0.514985420957756,3.97027501086051,7.17897199008821e-05,0.00159626987672722
"AT1G50050",16.9481343129614,-3.99673318699273,1.00677772339508,-3.96982679902257,7.19248959409089e-05,0.001597633597209
"AT3G10815",19.7761904970012,3.36967306914007,0.852293999773788,3.9536510523768,7.69676353817571e-05,0.00170265316102691
"AT3G27884",37.1460362408046,-2.23790925988429,0.567434243372632,-3.943909423906,8.01639460893969e-05,0.00176613744770275
"AT1G33840",9.72426007633401,-6.72367889934023,1.71430388802148,-3.92210444502941,8.77789240663804e-05,0.00191441232074208
"AT3G46270",9.65860875958752,-6.71504524467273,1.71759068498029,-3.90957246298165,9.24596174719833e-05,0.002008397413661
"AT5G15500",17.3248234654237,4.46875980662846,1.14478617107911,3.90357598608663,9.47817740648295e-05,0.00205060368189259
"AT4G12545",1059.97001625075,-3.20520433407879,0.822711426935017,-3.89590350777024,9.78333355123015e-05,0.00210609374508323
"AT1G07900",18.2721450032881,6.17665117024498,1.58733892908285,3.89119869555131,9.97502038044446e-05,0.00214309400130006
"AT4G13480",9.48635776615213,6.69601452931437,1.72425810323322,3.88341775326931,0.00010299838222815,0.0021997729511412
"AT3G03650",21.253996939269,3.0793077711089,0.793306985977451,3.8816092956938,0.000103767496689667,0.00221183230628665
"AT3G02940",25.0125219710427,2.74584520225289,0.707538345582142,3.88084295275006,0.000104095045123463,0.00221663021776194
"AT2G01430",27.7701530201341,2.67536963729514,0.69064268734129,3.87373917994308,0.000107178116964573,0.00226888313163262
"AT1G64000",18.2038370262271,6.17644065224133,1.59829978462486,3.86438183353132,0.000111370888737843,0.00235074066131048
"AT4G05200",31.617248390807,-2.40982465871556,0.623907869269245,-3.86246876728463,0.000112246919426137,0.0023669221264956
"AT1G62560",9.25288287439347,6.65976991278354,1.72534713603227,3.85995940973294,0.000113405861080649,0.00238670798101152
"AT3G11370",15.1449626107432,-4.26165534620888,1.10920758280846,-3.84207195502448,0.000122000056449073,0.00255021374036298
"AT4G37420",18.0263943731196,3.4634397099348,0.902019125115081,3.83965219084787,0.000123208733768811,0.00257299319989211
"AT2G28850",8.94492944247538,-6.60375054223773,1.7338267290945,-3.80877190980126,0.000139658711285406,0.00288037771082913
"AT2G28990",30.7911699384056,-2.36646673042141,0.621661533939141,-3.80668032558869,0.000140844607832666,0.00290206960996165
"AT5G63600",614.104379033265,-3.34606098459843,0.880388450958324,-3.80066433283645,0.000144308677228126,0.00296497457913629
"AT1G03700",31.9428150745474,2.35344261946334,0.619455194155303,3.79921363428477,0.000145155928612652,0.00297672845074383
"AT5G51990",23.0241345012546,2.87949058462577,0.758012147057151,3.79873936823425,0.000145433928657749,0.0029796051576803
"AT1G22370",684.032601637696,2.87527116587996,0.757671138262524,3.79488015403816,0.000147714791149148,0.00301776157366554
"AT3G45680",31.0182428781277,2.55162587929368,0.673359723451783,3.78939486640739,0.000151014706393346,0.00306491854861166
"AT5G43590",21.0023108144973,-3.06097527211599,0.808261916938416,-3.78710812419635,0.000152410789212819,0.00309035372504155
"AT3G18250",15.3622579990866,-4.88882749827874,1.30002260663397,-3.76057114186416,0.000169525852308741,0.00339915830834069
"AT3G45160",33.096346919235,-2.33055595621919,0.624649889818227,-3.73097953622849,0.000190736718030821,0.00374803714313971
"AT1G13420",80.1195369163477,-2.18417692834301,0.586502440819347,-3.72407133598917,0.000196035493627443,0.0038416919425994
"AT3G01570",521.515360279569,3.63268718515147,0.984369245208478,3.69037046091592,0.00022392769935207,0.00431020976466374
"AT3G50460",8.21811986201393,-6.48110303168746,1.7568007388314,-3.6891509027931,0.000225003737981569,0.00432581676424389
"AT3G60650",37.0303961524886,-2.0388301997071,0.556685221811266,-3.66244714216309,0.000249817311041717,0.00474521292746931
"AT5G49525",25.5188625446079,2.7665456026256,0.757282883937877,3.65325251805447,0.00025893935431255,0.00489270998301486
"AT5G67450",32.2340392327947,-2.20206401532275,0.606471828861409,-3.6309419671758,0.000282388681858989,0.0052941760242801
"AT4G19370",19.4771152169615,-2.93645072665841,0.810367189118337,-3.62360515836433,0.000290525005400011,0.00542321699036173
"AT1G52070",23.5421814074995,-2.64154406876159,0.729050053535021,-3.62326846552341,0.000290903608293753,0.00542560307365116
"AT4G21903",15.8860426557019,-5.96550061899093,1.64996562822197,-3.6155302370871,0.00029973348508305,0.00557107727643625
"AT4G15290",23.4426147968072,-2.77266959002129,0.771640904069825,-3.59321230302533,0.000326626248247993,0.00599877663908772
"AT2G03850",23.4720429107868,-2.76511682285898,0.772612712977428,-3.57891706467398,0.000345020927429921,0.00628513705004954
"AT2G33520",15.9149587737796,5.98075611326986,1.67114398140704,3.5788395134178,0.000345123310166806,0.00628513705004954
"AT1G70880",21.8892158369779,-2.65334290452083,0.741892077616174,-3.57645402151546,0.000348286540868058,0.00633208345519365
"AT2G23970",14.5433907214398,-5.83656295900439,1.63840428000775,-3.56234601570791,0.000367555500034843,0.00661019388466652
"AT3G25510",26.9139036877575,-2.4112368851701,0.67951123763184,-3.54848713550858,0.000387450924293962,0.00690486058245458
"AT2G07070.1",20.708484795142,2.72228023152404,0.769454898865552,3.53793345852713,0.000403271672735642,0.00713391875685659
"AT1G62540",15.4637234259317,3.51204638839251,0.992760452396715,3.53765742774479,0.000403693450290506,0.00713554558581299
"AT3G13672",21.2321960860115,2.76800034272581,0.783222867894541,3.53411583878641,0.000409141721128132,0.00722594378498541
"AT2G23000",42.4550361416717,2.32982970744381,0.660038916650338,3.52983687578237,0.000415815958041783,0.00732743093731727
"AT2G22590",7.47509657643255,6.35253712258338,1.81141264319767,3.50695196174037,0.000453270968545051,0.00789574670247357
"AT3G16210",16.7553647346911,3.11088509618552,0.887136389805205,3.50665932762448,0.000453769688202582,0.00789807498331686
"AT5G37550",34.2602677937866,2.3004723622407,0.656111736305077,3.50622041177912,0.000454518667569439,0.00789840270912836
"AT1G09180",25.7202821995602,2.35028475807776,0.670942896750597,3.50295795582647,0.000460122084218624,0.00797016916899114
"AT3G46720",29.6096077935705,-2.29739889294579,0.664484297980727,-3.45741637526613,0.000545381478271346,0.00930546394511086
"AT2G03250",22.8401944138364,-2.46762997000291,0.716804010077587,-3.44254487322945,0.000576268250280074,0.00978615666782528
